"distanceCoveredPerPatrolOnShift[km]","distanceCoveredPerPatrolOnShiftPerHour[km]"
137.72324390243904,17.21540548780488
160.60988636363638,20.076235795454547
