"simulationTime[s]","averageDistanceToReach[m]","averageTimeToReach[s]"
3600,3988.6334091250974,179.4885034106294
7200,2153.021189196831,96.88595351385739
